Algorithm Category,Algorithm Name,Dataset Name,Dataset Size,Avg Time (4 runs) (s),Avg Comparisons,Avg Swaps/Moves,Avg Auxiliary Elements,Correct,Status
Counting Sort,counting_sort_stable,few_unique_int,100,5.835275078425184e-05,0.0,2059.0,980.0,True,OK
Counting Sort,counting_sort_stable,few_unique_int,1000,0.0005344945002434542,0.0,22871.0,10936.0,True,OK
Counting Sort,counting_sort_stable,few_unique_int,10000,0.00904956924932776,0.0,229395.0,109698.0,True,OK
Counting Sort,counting_sort_stable,few_unique_int,100000,0.10268714300036663,0.0,2299501.0,1099751.0,True,OK
Counting Sort,counting_sort_stable,few_unique_int,1000000,1.3284390687476844,0.0,22999713.0,10999857.0,True,OK
Counting Sort,counting_sort_stable,partially_sorted_int,100,7.954499960760586e-05,0.0,2269.0,1085.0,True,OK
Counting Sort,counting_sort_stable,partially_sorted_int,1000,0.0008699730005901074,0.0,22981.0,10991.0,True,OK
Counting Sort,counting_sort_stable,partially_sorted_int,10000,0.009933302251738496,0.0,229923.0,109962.0,True,OK
Counting Sort,counting_sort_stable,partially_sorted_int,100000,0.11977994600238162,0.0,2299993.0,1099997.0,True,OK
Counting Sort,counting_sort_stable,partially_sorted_int,1000000,1.0162260642518959,0.0,22999969.0,10999985.0,True,OK
Counting Sort,counting_sort_stable,random_uniform_int,100,8.387025081901811e-05,0.0,2299.0,1100.0,True,OK
Counting Sort,counting_sort_stable,random_uniform_int,1000,0.000942340500841965,0.0,22911.0,10956.0,True,OK
Counting Sort,counting_sort_stable,random_uniform_int,10000,0.00803715599977295,0.0,229985.0,109993.0,True,OK
Counting Sort,counting_sort_stable,random_uniform_int,100000,0.11782529200172576,0.0,2299989.0,1099995.0,True,OK
Counting Sort,counting_sort_stable,random_uniform_int,1000000,1.4650946872516215,0.0,22999981.0,10999991.0,True,OK
Counting Sort,counting_sort_stable,reverse_sorted_int,100,7.481774991902057e-05,0.0,2221.0,1061.0,True,OK
Counting Sort,counting_sort_stable,reverse_sorted_int,1000,0.0008592724989284761,0.0,22997.0,10999.0,True,OK
Counting Sort,counting_sort_stable,reverse_sorted_int,10000,0.010511723750823876,0.0,229963.0,109982.0,True,OK
Counting Sort,counting_sort_stable,reverse_sorted_int,100000,0.10691449225123506,0.0,2299939.0,1099970.0,True,OK
Counting Sort,counting_sort_stable,reverse_sorted_int,1000000,1.0135479922464583,0.0,22999879.0,10999940.0,True,OK
Counting Sort,counting_sort_stable,sorted_int,100,8.094524855550844e-05,0.0,2285.0,1093.0,True,OK
Counting Sort,counting_sort_stable,sorted_int,1000,0.0009184054997604107,0.0,22973.0,10987.0,True,OK
Counting Sort,counting_sort_stable,sorted_int,10000,0.01150932174823538,0.0,229969.0,109985.0,True,OK
Counting Sort,counting_sort_stable,sorted_int,100000,0.09086772249793285,0.0,2299975.0,1099988.0,True,OK
Counting Sort,counting_sort_stable,sorted_int,1000000,1.0326958067525993,0.0,22999979.0,10999990.0,True,OK
Counting Sort,counting_sort_unstable,few_unique_int,100,9.277299977838993e-05,0.0,1080.0,980.0,True,OK
Counting Sort,counting_sort_unstable,few_unique_int,1000,0.0009964105029212078,0.0,11936.0,10936.0,True,OK
Counting Sort,counting_sort_unstable,few_unique_int,10000,0.008810185498077772,0.0,119698.0,109698.0,True,OK
Counting Sort,counting_sort_unstable,few_unique_int,100000,0.1024092247516819,0.0,1199751.0,1099751.0,True,OK
Counting Sort,counting_sort_unstable,few_unique_int,1000000,0.9720185017486074,0.0,11999857.0,10999857.0,True,OK
Counting Sort,counting_sort_unstable,partially_sorted_int,100,0.00010217524868494365,0.0,1185.0,1085.0,True,OK
Counting Sort,counting_sort_unstable,partially_sorted_int,1000,0.0009746454998094123,0.0,11991.0,10991.0,True,OK
Counting Sort,counting_sort_unstable,partially_sorted_int,10000,0.010095389749039896,0.0,119962.0,109962.0,True,OK
Counting Sort,counting_sort_unstable,partially_sorted_int,100000,0.09599250875180587,0.0,1199997.0,1099997.0,True,OK
Counting Sort,counting_sort_unstable,partially_sorted_int,1000000,0.8793553967498156,0.0,11999985.0,10999985.0,True,OK
Counting Sort,counting_sort_unstable,random_uniform_int,100,0.0001091505018848693,0.0,1200.0,1100.0,True,OK
Counting Sort,counting_sort_unstable,random_uniform_int,1000,0.0006258720004552742,0.0,11956.0,10956.0,True,OK
Counting Sort,counting_sort_unstable,random_uniform_int,10000,0.006923379998625023,0.0,119993.0,109993.0,True,OK
Counting Sort,counting_sort_unstable,random_uniform_int,100000,0.10108469799888553,0.0,1199995.0,1099995.0,True,OK
Counting Sort,counting_sort_unstable,random_uniform_int,1000000,1.0248126162496192,0.0,11999991.0,10999991.0,True,OK
Counting Sort,counting_sort_unstable,reverse_sorted_int,100,8.154524948622566e-05,0.0,1161.0,1061.0,True,OK
Counting Sort,counting_sort_unstable,reverse_sorted_int,1000,0.0008767475010245107,0.0,11999.0,10999.0,True,OK
Counting Sort,counting_sort_unstable,reverse_sorted_int,10000,0.008932048747738008,0.0,119982.0,109982.0,True,OK
Counting Sort,counting_sort_unstable,reverse_sorted_int,100000,0.09067030699952738,0.0,1199970.0,1099970.0,True,OK
Counting Sort,counting_sort_unstable,reverse_sorted_int,1000000,0.7688449987490458,0.0,11999940.0,10999940.0,True,OK
Counting Sort,counting_sort_unstable,sorted_int,100,9.512775068287738e-05,0.0,1193.0,1093.0,True,OK
Counting Sort,counting_sort_unstable,sorted_int,1000,0.0009603182497812668,0.0,11987.0,10987.0,True,OK
Counting Sort,counting_sort_unstable,sorted_int,10000,0.009932574497725,0.0,119985.0,109985.0,True,OK
Counting Sort,counting_sort_unstable,sorted_int,100000,0.09825644874945283,0.0,1199988.0,1099988.0,True,OK
Counting Sort,counting_sort_unstable,sorted_int,1000000,0.7946302547516098,0.0,11999990.0,10999990.0,True,OK
Heap Sort,heapsort_max_heap,few_unique_int,100,0.00044721625090460293,967.0,522.0,0.0,True,OK
Heap Sort,heapsort_max_heap,few_unique_int,1000,0.002786621749692131,16832.0,9037.0,0.0,True,OK
Heap Sort,heapsort_max_heap,few_unique_int,10000,0.028036496998538496,235265.0,124117.0,0.0,True,OK
Heap Sort,heapsort_max_heap,few_unique_int,100000,0.3695889127502596,3020256.0,1575355.0,0.0,True,OK
Heap Sort,heapsort_max_heap,few_unique_int,1000000,5.187863656001355,36793455.0,19047999.0,0.0,True,OK
Heap Sort,heapsort_max_heap,partially_sorted_int,100,0.00013498800035449676,1083.0,631.0,0.0,True,OK
Heap Sort,heapsort_max_heap,partially_sorted_int,1000,0.0021556072497332934,16716.0,9208.0,0.0,True,OK
Heap Sort,heapsort_max_heap,partially_sorted_int,10000,0.027753928248785087,243760.0,130893.0,0.0,True,OK
Heap Sort,heapsort_max_heap,partially_sorted_int,100000,0.3664450459982618,3073736.0,1624774.0,0.0,True,OK
Heap Sort,heapsort_max_heap,partially_sorted_int,1000000,4.526856755999688,37173437.0,19456311.0,0.0,True,OK
Heap Sort,heapsort_max_heap,random_ascii_string,100,0.0001348054993286496,1027.0,573.0,0.0,True,OK
Heap Sort,heapsort_max_heap,random_ascii_string,1000,0.0021851967485417845,16867.0,9090.0,0.0,True,OK
Heap Sort,heapsort_max_heap,random_ascii_string,10000,0.026982815750670852,235341.0,124245.0,0.0,True,OK
Heap Sort,heapsort_max_heap,random_ascii_string,100000,0.3961793482503708,3019351.0,1574707.0,0.0,True,OK
Heap Sort,heapsort_max_heap,random_ascii_string,1000000,5.705951331750839,36794501.0,19048559.0,0.0,True,OK
Heap Sort,heapsort_max_heap,random_float,100,0.00011894550152646843,1024.0,584.0,0.0,True,OK
Heap Sort,heapsort_max_heap,random_float,1000,0.002005774000281235,16825.0,9045.0,0.0,True,OK
Heap Sort,heapsort_max_heap,random_float,10000,0.027144076251715887,235305.0,124146.0,0.0,True,OK
Heap Sort,heapsort_max_heap,random_float,100000,0.36007752125260595,3019800.0,1575235.0,0.0,True,OK
Heap Sort,heapsort_max_heap,random_float,1000000,5.057763112250541,36794430.0,19048986.0,0.0,True,OK
Heap Sort,heapsort_max_heap,random_uniform_int,100,0.0001254124999832129,1034.0,587.0,0.0,True,OK
Heap Sort,heapsort_max_heap,random_uniform_int,1000,0.001981541250643204,16885.0,9110.0,0.0,True,OK
Heap Sort,heapsort_max_heap,random_uniform_int,10000,0.02633288149991131,235341.0,124199.0,0.0,True,OK
Heap Sort,heapsort_max_heap,random_uniform_int,100000,0.33361185299872886,3019462.0,1574898.0,0.0,True,OK
Heap Sort,heapsort_max_heap,random_uniform_int,1000000,5.279107884998666,36792867.0,19048905.0,0.0,True,OK
Heap Sort,heapsort_max_heap,reverse_sorted_int,100,0.00012017550034215674,949.0,517.0,0.0,True,OK
Heap Sort,heapsort_max_heap,reverse_sorted_int,1000,0.0019202184994355775,15958.0,8309.0,0.0,True,OK
Heap Sort,heapsort_max_heap,reverse_sorted_int,10000,0.026381576501080417,226679.0,116693.0,0.0,True,OK
Heap Sort,heapsort_max_heap,reverse_sorted_int,100000,0.3548686265003198,2926783.0,1497454.0,0.0,True,OK
Heap Sort,heapsort_max_heap,reverse_sorted_int,1000000,4.1325504192500375,36000640.0,18332797.0,0.0,True,OK
Heap Sort,heapsort_max_heap,sorted_int,100,0.0001430454994988395,1086.0,641.0,0.0,True,OK
Heap Sort,heapsort_max_heap,sorted_int,1000,0.00226051225035917,17569.0,9678.0,0.0,True,OK
Heap Sort,heapsort_max_heap,sorted_int,10000,0.026814787999683176,244488.0,131524.0,0.0,True,OK
Heap Sort,heapsort_max_heap,sorted_int,100000,0.3361013682497287,3112711.0,1649845.0,0.0,True,OK
Heap Sort,heapsort_max_heap,sorted_int,1000000,4.332564351498149,37714214.0,19765172.0,0.0,True,OK
Heap Sort,heapsort_min_heap,few_unique_int,100,0.00011597750017244834,940.0,496.0,0.0,True,OK
Heap Sort,heapsort_min_heap,few_unique_int,1000,0.002093484748911578,16815.0,9014.0,0.0,True,OK
Heap Sort,heapsort_min_heap,few_unique_int,10000,0.028806147502109525,235321.0,124194.0,0.0,True,OK
Heap Sort,heapsort_min_heap,few_unique_int,100000,0.36993541450101475,3019491.0,1574553.0,0.0,True,OK
Heap Sort,heapsort_min_heap,few_unique_int,1000000,5.515678393001508,36795735.0,19049709.0,0.0,True,OK
Heap Sort,heapsort_min_heap,partially_sorted_int,100,0.0001251480007340433,963.0,522.0,0.0,True,OK
Heap Sort,heapsort_min_heap,partially_sorted_int,1000,0.0023158750009315554,16051.0,8388.0,0.0,True,OK
Heap Sort,heapsort_min_heap,partially_sorted_int,10000,0.02013976700072817,227535.0,117574.0,0.0,True,OK
Heap Sort,heapsort_min_heap,partially_sorted_int,100000,0.3122646572483063,2929524.0,1501821.0,0.0,True,OK
Heap Sort,heapsort_min_heap,partially_sorted_int,1000000,4.129725783748654,35950633.0,18344383.0,0.0,True,OK
Heap Sort,heapsort_min_heap,random_ascii_string,100,0.00017475800086685922,1043.0,599.0,0.0,True,OK
Heap Sort,heapsort_min_heap,random_ascii_string,1000,0.002377217748289695,16867.0,9058.0,0.0,True,OK
Heap Sort,heapsort_min_heap,random_ascii_string,10000,0.02906552249987726,235360.0,124193.0,0.0,True,OK
Heap Sort,heapsort_min_heap,random_ascii_string,100000,0.4044240350012842,3020138.0,1575309.0,0.0,True,OK
Heap Sort,heapsort_min_heap,random_ascii_string,1000000,5.763749528001426,36793304.0,19047939.0,0.0,True,OK
Heap Sort,heapsort_min_heap,random_float,100,0.00012604575204022694,1020.0,578.0,0.0,True,OK
Heap Sort,heapsort_min_heap,random_float,1000,0.00195216850079305,16856.0,9079.0,0.0,True,OK
Heap Sort,heapsort_min_heap,random_float,10000,0.027994394999041106,235398.0,124160.0,0.0,True,OK
Heap Sort,heapsort_min_heap,random_float,100000,0.3609538704986335,3019413.0,1574627.0,0.0,True,OK
Heap Sort,heapsort_min_heap,random_float,1000000,5.145442538751013,36794037.0,19047818.0,0.0,True,OK
Heap Sort,heapsort_min_heap,random_uniform_int,100,0.0004810064965568017,1037.0,590.0,0.0,True,OK
Heap Sort,heapsort_min_heap,random_uniform_int,1000,0.0024363127467950108,16807.0,9077.0,0.0,True,OK
Heap Sort,heapsort_min_heap,random_uniform_int,10000,0.028589992001798237,235381.0,124230.0,0.0,True,OK
Heap Sort,heapsort_min_heap,random_uniform_int,100000,0.3770049647500855,3019599.0,1575030.0,0.0,True,OK
Heap Sort,heapsort_min_heap,random_uniform_int,1000000,4.846723615750307,36794459.0,19048712.0,0.0,True,OK
Heap Sort,heapsort_min_heap,reverse_sorted_int,100,0.00012201550453028176,1083.0,637.0,0.0,True,OK
Heap Sort,heapsort_min_heap,reverse_sorted_int,1000,0.0020829240002058214,17572.0,9688.0,0.0,True,OK
Heap Sort,heapsort_min_heap,reverse_sorted_int,10000,0.029897643747972324,244472.0,131521.0,0.0,True,OK
Heap Sort,heapsort_min_heap,reverse_sorted_int,100000,0.37742113525018794,3112629.0,1649780.0,0.0,True,OK
Heap Sort,heapsort_min_heap,reverse_sorted_int,1000000,4.488602787499985,37713642.0,19765086.0,0.0,True,OK
Heap Sort,heapsort_min_heap,sorted_int,100,0.00011088300198025536,945.0,514.0,0.0,True,OK
Heap Sort,heapsort_min_heap,sorted_int,1000,0.002404540502539021,15968.0,8316.0,0.0,True,OK
Heap Sort,heapsort_min_heap,sorted_int,10000,0.026135366249945946,226676.0,116694.0,0.0,True,OK
Heap Sort,heapsort_min_heap,sorted_int,100000,0.34326658849931846,2926688.0,1497476.0,0.0,True,OK
Heap Sort,heapsort_min_heap,sorted_int,1000000,4.278264570000829,36001585.0,18333473.0,0.0,True,OK
Merge Sort,merge_sort_in_place,few_unique_int,100,8.833799802232534e-05,515.0,1344.0,0.0,True,OK
Merge Sort,merge_sort_in_place,few_unique_int,1000,0.002171139747588313,8675.0,19952.0,0.0,True,OK
Merge Sort,merge_sort_in_place,few_unique_int,10000,0.019354399250005372,120333.0,267232.0,0.0,True,OK
Merge Sort,merge_sort_in_place,few_unique_int,100000,0.2067395990015939,1536591.0,3337856.0,0.0,True,OK
Merge Sort,merge_sort_in_place,few_unique_int,1000000,2.6241516612499254,18674623.0,39902848.0,0.0,True,OK
Merge Sort,merge_sort_in_place,partially_sorted_int,100,8.09499979368411e-05,388.0,1344.0,0.0,True,OK
Merge Sort,merge_sort_in_place,partially_sorted_int,1000,0.0011713362491718726,7491.0,19952.0,0.0,True,OK
Merge Sort,merge_sort_in_place,partially_sorted_int,10000,0.01539407150085026,111774.0,267232.0,0.0,True,OK
Merge Sort,merge_sort_in_place,partially_sorted_int,100000,0.1784043740008201,1451075.0,3337856.0,0.0,True,OK
Merge Sort,merge_sort_in_place,partially_sorted_int,1000000,2.2041761882519495,17731393.0,39902848.0,0.0,True,OK
Merge Sort,merge_sort_in_place,random_ascii_string,100,9.406800018041395e-05,544.0,1344.0,0.0,True,OK
Merge Sort,merge_sort_in_place,random_ascii_string,1000,0.0018112307479896117,8729.0,19952.0,0.0,True,OK
Merge Sort,merge_sort_in_place,random_ascii_string,10000,0.017439260249375366,120516.0,267232.0,0.0,True,OK
Merge Sort,merge_sort_in_place,random_ascii_string,100000,0.22517851224802143,1536311.0,3337856.0,0.0,True,OK
Merge Sort,merge_sort_in_place,random_ascii_string,1000000,2.657078143751278,18673754.0,39902848.0,0.0,True,OK
Merge Sort,merge_sort_in_place,random_float,100,9.635299829824362e-05,541.0,1344.0,0.0,True,OK
Merge Sort,merge_sort_in_place,random_float,1000,0.0013230842487246264,8736.0,19952.0,0.0,True,OK
Merge Sort,merge_sort_in_place,random_float,10000,0.013257287000669749,120502.0,267232.0,0.0,True,OK
Merge Sort,merge_sort_in_place,random_float,100000,0.20160201999715355,1536356.0,3337856.0,0.0,True,OK
Merge Sort,merge_sort_in_place,random_float,1000000,2.3527223472483456,18673911.0,39902848.0,0.0,True,OK
Merge Sort,merge_sort_in_place,random_uniform_int,100,0.00048463899838679936,549.0,1344.0,0.0,True,OK
Merge Sort,merge_sort_in_place,random_uniform_int,1000,0.001502557501225965,8691.0,19952.0,0.0,True,OK
Merge Sort,merge_sort_in_place,random_uniform_int,10000,0.01601350324926898,120432.0,267232.0,0.0,True,OK
Merge Sort,merge_sort_in_place,random_uniform_int,100000,0.1959663632515003,1536182.0,3337856.0,0.0,True,OK
Merge Sort,merge_sort_in_place,random_uniform_int,1000000,2.569337276247097,18673740.0,39902848.0,0.0,True,OK
Merge Sort,merge_sort_in_place,reverse_sorted_int,100,0.00011434800217102747,321.0,1344.0,0.0,True,OK
Merge Sort,merge_sort_in_place,reverse_sorted_int,1000,0.001404934751917608,4963.0,19952.0,0.0,True,OK
Merge Sort,merge_sort_in_place,reverse_sorted_int,10000,0.01410192474941141,64884.0,267232.0,0.0,True,OK
Merge Sort,merge_sort_in_place,reverse_sorted_int,100000,0.16472148099637707,818243.0,3337856.0,0.0,True,OK
Merge Sort,merge_sort_in_place,reverse_sorted_int,1000000,1.8316988167498494,9910528.0,39902848.0,0.0,True,OK
Merge Sort,merge_sort_in_place,sorted_int,100,9.653050074120983e-05,356.0,1344.0,0.0,True,OK
Merge Sort,merge_sort_in_place,sorted_int,1000,0.001172058751762961,5044.0,19952.0,0.0,True,OK
Merge Sort,merge_sort_in_place,sorted_int,10000,0.009237074249540456,69008.0,267232.0,0.0,True,OK
Merge Sort,merge_sort_in_place,sorted_int,100000,0.14733897824771702,853904.0,3337856.0,0.0,True,OK
Merge Sort,merge_sort_in_place,sorted_int,1000000,1.8136299487505312,10066432.0,39902848.0,0.0,True,OK
Merge Sort,merge_sort_out_of_place,few_unique_int,100,0.00012404300105117727,508.0,772.0,100.0,True,OK
Merge Sort,merge_sort_out_of_place,few_unique_int,1000,0.0013533569999708561,8680.0,10976.0,1000.0,True,OK
Merge Sort,merge_sort_out_of_place,few_unique_int,10000,0.01713575649955601,120387.0,143616.0,10000.0,True,OK
Merge Sort,merge_sort_out_of_place,few_unique_int,100000,0.20051595299992186,1536660.0,1768928.0,100000.0,True,OK
Merge Sort,merge_sort_out_of_place,few_unique_int,1000000,2.425398234749082,18674732.0,20951424.0,1000000.0,True,OK
Merge Sort,merge_sort_out_of_place,partially_sorted_int,100,0.00010957774975395296,355.0,772.0,100.0,True,OK
Merge Sort,merge_sort_out_of_place,partially_sorted_int,1000,0.0009856210017460398,7404.0,10976.0,1000.0,True,OK
Merge Sort,merge_sort_out_of_place,partially_sorted_int,10000,0.010976054500133614,108048.0,143616.0,10000.0,True,OK
Merge Sort,merge_sort_out_of_place,partially_sorted_int,100000,0.1596303229998739,1420623.0,1768928.0,100000.0,True,OK
Merge Sort,merge_sort_out_of_place,partially_sorted_int,1000000,1.9783920927511645,17587860.0,20951424.0,1000000.0,True,OK
Merge Sort,merge_sort_out_of_place,random_ascii_string,100,0.00011096275193267502,547.0,772.0,100.0,True,OK
Merge Sort,merge_sort_out_of_place,random_ascii_string,1000,0.0013759345001744805,8709.0,10976.0,1000.0,True,OK
Merge Sort,merge_sort_out_of_place,random_ascii_string,10000,0.017809758999646874,120468.0,143616.0,10000.0,True,OK
Merge Sort,merge_sort_out_of_place,random_ascii_string,100000,0.22377041875006398,1536494.0,1768928.0,100000.0,True,OK
Merge Sort,merge_sort_out_of_place,random_ascii_string,1000000,2.7826205385008507,18673851.0,20951424.0,1000000.0,True,OK
Merge Sort,merge_sort_out_of_place,random_float,100,0.00010591774844215252,544.0,772.0,100.0,True,OK
Merge Sort,merge_sort_out_of_place,random_float,1000,0.001324699249380501,8716.0,10976.0,1000.0,True,OK
Merge Sort,merge_sort_out_of_place,random_float,10000,0.01642502974937088,120471.0,143616.0,10000.0,True,OK
Merge Sort,merge_sort_out_of_place,random_float,100000,0.20327674150030361,1536559.0,1768928.0,100000.0,True,OK
Merge Sort,merge_sort_out_of_place,random_float,1000000,2.493041121500937,18673043.0,20951424.0,1000000.0,True,OK
Merge Sort,merge_sort_out_of_place,random_uniform_int,100,0.0001340927519777324,535.0,772.0,100.0,True,OK
Merge Sort,merge_sort_out_of_place,random_uniform_int,1000,0.0013576892488345038,8715.0,10976.0,1000.0,True,OK
Merge Sort,merge_sort_out_of_place,random_uniform_int,10000,0.016527050251170294,120443.0,143616.0,10000.0,True,OK
Merge Sort,merge_sort_out_of_place,random_uniform_int,100000,0.19526083450000442,1536403.0,1768928.0,100000.0,True,OK
Merge Sort,merge_sort_out_of_place,random_uniform_int,1000000,2.415042793001703,18674739.0,20951424.0,1000000.0,True,OK
Merge Sort,merge_sort_out_of_place,reverse_sorted_int,100,8.637524842924904e-05,359.0,772.0,100.0,True,OK
Merge Sort,merge_sort_out_of_place,reverse_sorted_int,1000,0.00141243950019998,5070.0,10976.0,1000.0,True,OK
Merge Sort,merge_sort_out_of_place,reverse_sorted_int,10000,0.012160675998529769,69182.0,143616.0,10000.0,True,OK
Merge Sort,merge_sort_out_of_place,reverse_sorted_int,100000,0.12052565725025488,855581.0,1768928.0,100000.0,True,OK
Merge Sort,merge_sort_out_of_place,reverse_sorted_int,1000000,1.3835831255000812,10089741.0,20951424.0,1000000.0,True,OK
Merge Sort,merge_sort_out_of_place,sorted_int,100,9.331525143352337e-05,316.0,772.0,100.0,True,OK
Merge Sort,merge_sort_out_of_place,sorted_int,1000,0.0014635695006290916,4932.0,10976.0,1000.0,True,OK
Merge Sort,merge_sort_out_of_place,sorted_int,10000,0.01187619300071674,64608.0,143616.0,10000.0,True,OK
Merge Sort,merge_sort_out_of_place,sorted_int,100000,0.1365313882524788,815024.0,1768928.0,100000.0,True,OK
Merge Sort,merge_sort_out_of_place,sorted_int,1000000,1.481111805751425,9884992.0,20951424.0,1000000.0,True,OK
Python sorted(),sorted,few_unique_int,100,3.3725009416230023e-06,,,,True,OK
Python sorted(),sorted,few_unique_int,1000,3.58102497557411e-05,,,,True,OK
Python sorted(),sorted,few_unique_int,10000,0.000912840003366,,,,True,OK
Python sorted(),sorted,few_unique_int,100000,0.012639594000575016,,,,True,OK
Python sorted(),sorted,few_unique_int,1000000,0.1893882862477767,,,,True,OK
Python sorted(),sorted,partially_sorted_int,100,2.0799961930606514e-06,,,,True,OK
Python sorted(),sorted,partially_sorted_int,1000,2.277000021422282e-05,,,,True,OK
Python sorted(),sorted,partially_sorted_int,10000,0.0003094982494076248,,,,True,OK
Python sorted(),sorted,partially_sorted_int,100000,0.004646083501938847,,,,True,OK
Python sorted(),sorted,partially_sorted_int,1000000,0.048454673000378534,,,,True,OK
Python sorted(),sorted,random_ascii_string,100,7.612499757669866e-06,,,,True,OK
Python sorted(),sorted,random_ascii_string,1000,9.394524931849446e-05,,,,True,OK
Python sorted(),sorted,random_ascii_string,10000,0.0011733362498489441,,,,True,OK
Python sorted(),sorted,random_ascii_string,100000,0.014568217249689042,,,,True,OK
Python sorted(),sorted,random_ascii_string,1000000,0.28828718824661337,,,,True,OK
Python sorted(),sorted,random_float,100,2.7474980015540496e-06,,,,True,OK
Python sorted(),sorted,random_float,1000,3.9060247218003497e-05,,,,True,OK
Python sorted(),sorted,random_float,10000,0.0009374372493766714,,,,True,OK
Python sorted(),sorted,random_float,100000,0.011949912248383043,,,,True,OK
Python sorted(),sorted,random_float,1000000,0.17331643999932567,,,,True,OK
Python sorted(),sorted,random_uniform_int,100,2.5549979909555987e-06,,,,True,OK
Python sorted(),sorted,random_uniform_int,1000,3.675249718071427e-05,,,,True,OK
Python sorted(),sorted,random_uniform_int,10000,0.0009341597487946274,,,,True,OK
Python sorted(),sorted,random_uniform_int,100000,0.014708149999933084,,,,True,OK
Python sorted(),sorted,random_uniform_int,1000000,0.18166584150276321,,,,True,OK
Python sorted(),sorted,reverse_sorted_int,100,2.0799998310394585e-06,,,,True,OK
Python sorted(),sorted,reverse_sorted_int,1000,1.565249840496108e-05,,,,True,OK
Python sorted(),sorted,reverse_sorted_int,10000,0.00014303250281955115,,,,True,OK
Python sorted(),sorted,reverse_sorted_int,100000,0.001662164751905948,,,,True,OK
Python sorted(),sorted,reverse_sorted_int,1000000,0.019878200253515388,,,,True,OK
Python sorted(),sorted,sorted_int,100,5.375004548113793e-07,,,,True,OK
Python sorted(),sorted,sorted_int,1000,2.37250242207665e-06,,,,True,OK
Python sorted(),sorted,sorted_int,10000,2.0400004359544255e-05,,,,True,OK
Python sorted(),sorted,sorted_int,100000,0.00022885050202603452,,,,True,OK
Python sorted(),sorted,sorted_int,1000000,0.003650783501143451,,,,True,OK
Quick Sort,quicksort_first_pivot,few_unique_int,100,8.953999713412486e-05,1003.0,203.0,0.0,True,OK
Quick Sort,quicksort_first_pivot,few_unique_int,1000,0.0013413590004347498,14158.0,5966.0,0.0,True,OK
Quick Sort,quicksort_first_pivot,few_unique_int,10000,0.015727308998975786,167993.0,69182.0,0.0,True,OK
Quick Sort,quicksort_first_pivot,few_unique_int,100000,0.18402233925189648,2109324.0,848055.0,0.0,True,OK
Quick Sort,quicksort_first_pivot,partially_sorted_int,100,8.784524834481999e-05,1648.0,178.0,0.0,True,OK
Quick Sort,quicksort_first_pivot,partially_sorted_int,1000,0.0013888920002500527,26968.0,2993.0,0.0,True,OK
Quick Sort,quicksort_first_pivot,partially_sorted_int,10000,0.046594480498242774,989041.0,53638.0,0.0,True,OK
Quick Sort,quicksort_first_pivot,partially_sorted_int,100000,0.5358608374990581,10856856.0,630866.0,0.0,True,OK
Quick Sort,quicksort_first_pivot,random_ascii_string,100,7.950000144774094e-05,757.0,331.0,0.0,True,OK
Quick Sort,quicksort_first_pivot,random_ascii_string,1000,0.001320627001405228,10840.0,5378.0,0.0,True,OK
Quick Sort,quicksort_first_pivot,random_ascii_string,10000,0.015592106250551296,151555.0,85233.0,0.0,True,OK
Quick Sort,quicksort_first_pivot,random_ascii_string,100000,0.1864465367507364,1942789.0,971245.0,0.0,True,OK
Quick Sort,quicksort_first_pivot,random_float,100,6.859274981252383e-05,582.0,294.0,0.0,True,OK
Quick Sort,quicksort_first_pivot,random_float,1000,0.0015437897491210606,10733.0,4659.0,0.0,True,OK
Quick Sort,quicksort_first_pivot,random_float,10000,0.015468300500288024,174492.0,89166.0,0.0,True,OK
Quick Sort,quicksort_first_pivot,random_float,100000,0.1817322722508834,2102366.0,1107439.0,0.0,True,OK
Quick Sort,quicksort_first_pivot,random_uniform_int,100,6.931525058462285e-05,598.0,334.0,0.0,True,OK
Quick Sort,quicksort_first_pivot,random_uniform_int,1000,0.0009304254981543636,9814.0,4867.0,0.0,True,OK
Quick Sort,quicksort_first_pivot,random_uniform_int,10000,0.013219954251326271,159181.0,70376.0,0.0,True,OK
Quick Sort,quicksort_first_pivot,random_uniform_int,100000,0.17014035650026926,1982189.0,1008682.0,0.0,True,OK
Quick Sort,quicksort_first_pivot,reverse_sorted_int,100,0.0001837582512962399,4454.0,382.0,0.0,True,OK
Quick Sort,quicksort_first_pivot,reverse_sorted_int,1000,0.01272546500149474,469340.0,15805.0,0.0,True,OK
Quick Sort,quicksort_first_pivot,reverse_sorted_int,10000,2.300163227249868,47994303.0,956599.0,0.0,True,OK
Quick Sort,quicksort_first_pivot,reverse_sorted_int,100000,241.48879557149849,4771240200.0,107604592.0,0.0,True,OK
Quick Sort,quicksort_first_pivot,sorted_int,100,0.00016131824850162957,4621.0,191.0,0.0,True,OK
Quick Sort,quicksort_first_pivot,sorted_int,1000,0.016810774999612477,482439.0,1969.0,0.0,True,OK
Quick Sort,quicksort_first_pivot,sorted_int,10000,1.7697913624997454,47475540.0,19512.0,0.0,True,OK
Quick Sort,quicksort_first_pivot,sorted_int,100000,175.4671090940028,4752928963.0,195260.0,0.0,True,OK
Quick Sort,quicksort_last_pivot,few_unique_int,100,8.562024959246628e-05,931.0,147.0,0.0,True,OK
Quick Sort,quicksort_last_pivot,few_unique_int,1000,0.0012115534991608001,12799.0,4193.0,0.0,True,OK
Quick Sort,quicksort_last_pivot,few_unique_int,10000,0.015872199001023546,179426.0,66072.0,0.0,True,OK
Quick Sort,quicksort_last_pivot,few_unique_int,100000,0.18956219899882853,2206228.0,843466.0,0.0,True,OK
Quick Sort,quicksort_last_pivot,partially_sorted_int,100,0.00012935050290252548,2356.0,79.0,0.0,True,OK
Quick Sort,quicksort_last_pivot,partially_sorted_int,1000,0.002180461500756792,31814.0,3982.0,0.0,True,OK
Quick Sort,quicksort_last_pivot,partially_sorted_int,10000,0.04486290850036312,770038.0,58282.0,0.0,True,OK
Quick Sort,quicksort_last_pivot,partially_sorted_int,100000,0.6031488975004322,10099236.0,1191526.0,0.0,True,OK
Quick Sort,quicksort_last_pivot,random_ascii_string,100,7.165524948504753e-05,614.0,211.0,0.0,True,OK
Quick Sort,quicksort_last_pivot,random_ascii_string,1000,0.0011374884998076595,11793.0,4190.0,0.0,True,OK
Quick Sort,quicksort_last_pivot,random_ascii_string,10000,0.016712536500563147,169502.0,91069.0,0.0,True,OK
Quick Sort,quicksort_last_pivot,random_ascii_string,100000,0.15676341799917282,2057732.0,909735.0,0.0,True,OK
Quick Sort,quicksort_last_pivot,random_float,100,7.134275074349716e-05,641.0,314.0,0.0,True,OK
Quick Sort,quicksort_last_pivot,random_float,1000,0.0009734449995448813,10097.0,4451.0,0.0,True,OK
Quick Sort,quicksort_last_pivot,random_float,10000,0.014139651500954642,165818.0,75414.0,0.0,True,OK
Quick Sort,quicksort_last_pivot,random_float,100000,0.16715041299903532,1983099.0,900143.0,0.0,True,OK
Quick Sort,quicksort_last_pivot,random_uniform_int,100,7.725525028945412e-05,723.0,318.0,0.0,True,OK
Quick Sort,quicksort_last_pivot,random_uniform_int,1000,0.0012698312511929544,10545.0,4038.0,0.0,True,OK
Quick Sort,quicksort_last_pivot,random_uniform_int,10000,0.014047788999960176,153924.0,69139.0,0.0,True,OK
Quick Sort,quicksort_last_pivot,random_uniform_int,100000,0.1707204325011844,1937334.0,944700.0,0.0,True,OK
Quick Sort,quicksort_last_pivot,reverse_sorted_int,100,0.000189932750799926,4434.0,54.0,0.0,True,OK
Quick Sort,quicksort_last_pivot,reverse_sorted_int,1000,0.012492197502069757,467958.0,524.0,0.0,True,OK
Quick Sort,quicksort_last_pivot,reverse_sorted_int,10000,2.297545400497256,47929763.0,5216.0,0.0,True,OK
Quick Sort,quicksort_last_pivot,reverse_sorted_int,100000,166.33112444450126,4765940166.0,52184.0,0.0,True,OK
Quick Sort,quicksort_last_pivot,sorted_int,100,0.00025654825003584847,4950.0,0.0,0.0,True,OK
Quick Sort,quicksort_last_pivot,sorted_int,1000,0.026068611248774687,499500.0,0.0,0.0,True,OK
Quick Sort,quicksort_last_pivot,sorted_int,10000,2.975350109001738,49995000.0,0.0,0.0,True,OK
Quick Sort,quicksort_last_pivot,sorted_int,100000,270.22609202749845,4999950000.0,0.0,0.0,True,OK
Quick Sort,quicksort_median_pivot,few_unique_int,100,9.986275108531117e-05,1195.0,206.0,0.0,True,OK
Quick Sort,quicksort_median_pivot,few_unique_int,1000,0.0014633667487942148,16072.0,5572.0,0.0,True,OK
Quick Sort,quicksort_median_pivot,few_unique_int,10000,0.01773480649899284,193034.0,64288.0,0.0,True,OK
Quick Sort,quicksort_median_pivot,few_unique_int,100000,0.19663088250126748,2258881.0,814117.0,0.0,True,OK
Quick Sort,quicksort_median_pivot,few_unique_int,1000000,2.095237328501753,26531898.0,10027071.0,0.0,True,OK
Quick Sort,quicksort_median_pivot,partially_sorted_int,100,6.848775228718296e-05,785.0,141.0,0.0,True,OK
Quick Sort,quicksort_median_pivot,partially_sorted_int,1000,0.0012383734992909012,14668.0,3367.0,0.0,True,OK
Quick Sort,quicksort_median_pivot,partially_sorted_int,10000,0.016046394499426242,254485.0,49161.0,0.0,True,OK
Quick Sort,quicksort_median_pivot,partially_sorted_int,100000,0.2098927145016205,3487754.0,669534.0,0.0,True,OK
Quick Sort,quicksort_median_pivot,partially_sorted_int,1000000,2.0950846899995668,36970859.0,8559380.0,0.0,True,OK
Quick Sort,quicksort_median_pivot,random_ascii_string,100,8.412549868808128e-05,735.0,281.0,0.0,True,OK
Quick Sort,quicksort_median_pivot,random_ascii_string,1000,0.001333156498731114,11535.0,4892.0,0.0,True,OK
Quick Sort,quicksort_median_pivot,random_ascii_string,10000,0.013654971749929246,148356.0,74723.0,0.0,True,OK
Quick Sort,quicksort_median_pivot,random_ascii_string,100000,0.18502906099638494,1848061.0,843313.0,0.0,True,OK
Quick Sort,quicksort_median_pivot,random_ascii_string,1000000,2.4491851297516405,23007099.0,11157883.0,0.0,True,OK
Quick Sort,quicksort_median_pivot,random_float,100,7.710775025771e-05,737.0,304.0,0.0,True,OK
Quick Sort,quicksort_median_pivot,random_float,1000,0.0010690329982026014,11230.0,4621.0,0.0,True,OK
Quick Sort,quicksort_median_pivot,random_float,10000,0.014041286249266705,150938.0,73366.0,0.0,True,OK
Quick Sort,quicksort_median_pivot,random_float,100000,0.16778847124987806,1916792.0,849933.0,0.0,True,OK
Quick Sort,quicksort_median_pivot,random_float,1000000,2.200213558249743,22638630.0,10878146.0,0.0,True,OK
Quick Sort,quicksort_median_pivot,random_uniform_int,100,7.813525189703796e-05,756.0,320.0,0.0,True,OK
Quick Sort,quicksort_median_pivot,random_uniform_int,1000,0.001051633249517181,10410.0,4875.0,0.0,True,OK
Quick Sort,quicksort_median_pivot,random_uniform_int,10000,0.012548724249427323,149620.0,69204.0,0.0,True,OK
Quick Sort,quicksort_median_pivot,random_uniform_int,100000,0.14678078099859704,1889270.0,929919.0,0.0,True,OK
Quick Sort,quicksort_median_pivot,random_uniform_int,1000000,2.0784210327510664,23053146.0,11309689.0,0.0,True,OK
Quick Sort,quicksort_median_pivot,reverse_sorted_int,100,9.154774852504488e-05,855.0,452.0,0.0,True,OK
Quick Sort,quicksort_median_pivot,reverse_sorted_int,1000,0.0013385287475102814,15538.0,8429.0,0.0,True,OK
Quick Sort,quicksort_median_pivot,reverse_sorted_int,10000,0.020371379499920295,239402.0,120538.0,0.0,True,OK
Quick Sort,quicksort_median_pivot,reverse_sorted_int,100000,0.2564292054994439,3223221.0,1847391.0,0.0,True,OK
Quick Sort,quicksort_median_pivot,reverse_sorted_int,1000000,2.996867927500716,40222430.0,22819054.0,0.0,True,OK
Quick Sort,quicksort_median_pivot,sorted_int,100,6.671524897683412e-05,666.0,75.0,0.0,True,OK
Quick Sort,quicksort_median_pivot,sorted_int,1000,0.0007952995001687668,9572.0,969.0,0.0,True,OK
Quick Sort,quicksort_median_pivot,sorted_int,10000,0.009944166498826235,131422.0,8381.0,0.0,True,OK
Quick Sort,quicksort_median_pivot,sorted_int,100000,0.11825458749990503,1662830.0,72700.0,0.0,True,OK
Quick Sort,quicksort_median_pivot,sorted_int,1000000,1.1573830287507008,19583527.0,944973.0,0.0,True,OK
Quick Sort,quicksort_random_pivot,few_unique_int,100,0.0001299205014220206,972.75,224.5,0.0,True,OK
Quick Sort,quicksort_random_pivot,few_unique_int,1000,0.0019467177498881938,13424.0,4858.25,0.0,True,OK
Quick Sort,quicksort_random_pivot,few_unique_int,10000,0.012531924001450534,174822.0,63030.25,0.0,True,OK
Quick Sort,quicksort_random_pivot,few_unique_int,100000,0.21976798575087741,2189854.5,933227.5,0.0,True,OK
Quick Sort,quicksort_random_pivot,few_unique_int,1000000,2.6502135315022315,27098278.5,12191895.25,0.0,True,OK
Quick Sort,quicksort_random_pivot,partially_sorted_int,100,9.444274837733246e-05,654.25,189.0,0.0,True,OK
Quick Sort,quicksort_random_pivot,partially_sorted_int,1000,0.001196508748762426,10831.75,3881.25,0.0,True,OK
Quick Sort,quicksort_random_pivot,partially_sorted_int,10000,0.016367975000321167,153122.0,64881.5,0.0,True,OK
Quick Sort,quicksort_random_pivot,partially_sorted_int,100000,0.18539659899943217,2013343.5,847760.0,0.0,True,OK
Quick Sort,quicksort_random_pivot,partially_sorted_int,1000000,2.1715691419994982,25036420.25,11003770.25,0.0,True,OK
Quick Sort,quicksort_random_pivot,random_ascii_string,100,9.760774992173538e-05,630.0,325.0,0.0,True,OK
Quick Sort,quicksort_random_pivot,random_ascii_string,1000,0.0013897165008529555,10949.25,5454.0,0.0,True,OK
Quick Sort,quicksort_random_pivot,random_ascii_string,10000,0.01723716800006514,154277.5,77199.0,0.0,True,OK
Quick Sort,quicksort_random_pivot,random_ascii_string,100000,0.21541124249961285,2015065.0,995101.0,0.0,True,OK
Quick Sort,quicksort_random_pivot,random_ascii_string,1000000,2.8351660337521025,24554443.5,12395216.5,0.0,True,OK
Quick Sort,quicksort_random_pivot,random_float,100,9.252999916498084e-05,659.5,298.0,0.0,True,OK
Quick Sort,quicksort_random_pivot,random_float,1000,0.001255626249985653,10809.75,5561.5,0.0,True,OK
Quick Sort,quicksort_random_pivot,random_float,10000,0.01611396199950832,153023.25,75462.0,0.0,True,OK
Quick Sort,quicksort_random_pivot,random_float,100000,0.19634713274899696,2003170.0,1033566.0,0.0,True,OK
Quick Sort,quicksort_random_pivot,random_float,1000000,2.5149501257492375,24863756.75,12271099.0,0.0,True,OK
Quick Sort,quicksort_random_pivot,random_uniform_int,100,0.00010519024726818316,677.0,315.0,0.0,True,OK
Quick Sort,quicksort_random_pivot,random_uniform_int,1000,0.001338311749350396,11302.5,5646.75,0.0,True,OK
Quick Sort,quicksort_random_pivot,random_uniform_int,10000,0.01624063224880956,151176.5,73680.0,0.0,True,OK
Quick Sort,quicksort_random_pivot,random_uniform_int,100000,0.19996389174957585,2034750.0,994046.75,0.0,True,OK
Quick Sort,quicksort_random_pivot,random_uniform_int,1000000,2.377001158751227,24878994.5,12322918.0,0.0,True,OK
Quick Sort,quicksort_random_pivot,reverse_sorted_int,100,8.921024891606066e-05,602.75,257.75,0.0,True,OK
Quick Sort,quicksort_random_pivot,reverse_sorted_int,1000,0.001255703748029191,11001.0,5141.0,0.0,True,OK
Quick Sort,quicksort_random_pivot,reverse_sorted_int,10000,0.016349768000509357,158300.5,61650.25,0.0,True,OK
Quick Sort,quicksort_random_pivot,reverse_sorted_int,100000,0.18480258250201587,2008379.5,755827.5,0.0,True,OK
Quick Sort,quicksort_random_pivot,reverse_sorted_int,1000000,2.0972670912469766,25376859.5,8875198.75,0.0,True,OK
Quick Sort,quicksort_random_pivot,sorted_int,100,8.787025035417173e-05,649.25,97.5,0.0,True,OK
Quick Sort,quicksort_random_pivot,sorted_int,1000,0.0012901834961667191,10960.5,1019.5,0.0,True,OK
Quick Sort,quicksort_random_pivot,sorted_int,10000,0.01588814099886804,155330.25,10058.5,0.0,True,OK
Quick Sort,quicksort_random_pivot,sorted_int,100000,0.15629913224802294,2027155.5,100862.75,0.0,True,OK
Quick Sort,quicksort_random_pivot,sorted_int,1000000,1.736664352749358,24028883.25,1007505.75,0.0,True,OK
Radix Sort,radix_sort_base10,few_unique_int,100,8.912799967220053e-05,0.0,1257.0,110.0,True,OK
Radix Sort,radix_sort_base10,few_unique_int,1000,0.0013788692522211932,0.0,16076.0,1010.0,True,OK
Radix Sort,radix_sort_base10,few_unique_int,10000,0.016694528250809526,0.0,200095.0,10010.0,True,OK
Radix Sort,radix_sort_base10,few_unique_int,100000,0.19775099275102548,0.0,2400114.0,100010.0,True,OK
Radix Sort,radix_sort_base10,few_unique_int,1000000,3.1398037770013616,0.0,28000133.0,1000010.0,True,OK
Radix Sort,radix_sort_base10,partially_sorted_int,100,8.940525003708899e-05,0.0,1257.0,110.0,True,OK
Radix Sort,radix_sort_base10,partially_sorted_int,1000,0.00175301324998145,0.0,16076.0,1010.0,True,OK
Radix Sort,radix_sort_base10,partially_sorted_int,10000,0.010006962500483496,0.0,200095.0,10010.0,True,OK
Radix Sort,radix_sort_base10,partially_sorted_int,100000,0.12088909849626361,0.0,2400114.0,100010.0,True,OK
Radix Sort,radix_sort_base10,partially_sorted_int,1000000,2.629937582751154,0.0,28000133.0,1000010.0,True,OK
Radix Sort,radix_sort_base10,random_uniform_int,100,9.411525206814986e-05,0.0,1257.0,110.0,True,OK
Radix Sort,radix_sort_base10,random_uniform_int,1000,0.0012149537506047636,0.0,16076.0,1010.0,True,OK
Radix Sort,radix_sort_base10,random_uniform_int,10000,0.0193254869991506,0.0,240114.0,10010.0,True,OK
Radix Sort,radix_sort_base10,random_uniform_int,100000,0.21324788375204662,0.0,2800133.0,100010.0,True,OK
Radix Sort,radix_sort_base10,random_uniform_int,1000000,3.302012072499565,0.0,28000133.0,1000010.0,True,OK
Radix Sort,radix_sort_base10,reverse_sorted_int,100,9.278774996346328e-05,0.0,1257.0,110.0,True,OK
Radix Sort,radix_sort_base10,reverse_sorted_int,1000,0.0011832287491415627,0.0,16076.0,1010.0,True,OK
Radix Sort,radix_sort_base10,reverse_sorted_int,10000,0.01680334424781904,0.0,200095.0,10010.0,True,OK
Radix Sort,radix_sort_base10,reverse_sorted_int,100000,0.20062428500023088,0.0,2400114.0,100010.0,True,OK
Radix Sort,radix_sort_base10,reverse_sorted_int,1000000,2.677501192498312,0.0,28000133.0,1000010.0,True,OK
Radix Sort,radix_sort_base10,sorted_int,100,8.342774890479632e-05,0.0,1257.0,110.0,True,OK
Radix Sort,radix_sort_base10,sorted_int,1000,0.0012028734981868183,0.0,16076.0,1010.0,True,OK
Radix Sort,radix_sort_base10,sorted_int,10000,0.01620536950213136,0.0,200095.0,10010.0,True,OK
Radix Sort,radix_sort_base10,sorted_int,100000,0.18753720300082932,0.0,2400114.0,100010.0,True,OK
Radix Sort,radix_sort_base10,sorted_int,1000000,2.3812373047512665,0.0,28000133.0,1000010.0,True,OK
Radix Sort,radix_sort_base2_16,few_unique_int,100,0.0041169482483383035,0.0,131471.0,65636.0,True,OK
Radix Sort,radix_sort_base2_16,few_unique_int,1000,0.005578273001447087,0.0,135071.0,66536.0,True,OK
Radix Sort,radix_sort_base2_16,few_unique_int,10000,0.013105039499350823,0.0,342142.0,75536.0,True,OK
Radix Sort,radix_sort_base2_16,few_unique_int,100000,0.06090239550212573,0.0,1062142.0,165536.0,True,OK
Radix Sort,radix_sort_base2_16,few_unique_int,1000000,0.8913211239996599,0.0,8262142.0,1065536.0,True,OK
Radix Sort,radix_sort_base2_16,partially_sorted_int,100,0.003576401748432545,0.0,131471.0,65636.0,True,OK
Radix Sort,radix_sort_base2_16,partially_sorted_int,1000,0.005024134001359926,0.0,135071.0,66536.0,True,OK
Radix Sort,radix_sort_base2_16,partially_sorted_int,10000,0.01676061874968582,0.0,342142.0,75536.0,True,OK
Radix Sort,radix_sort_base2_16,partially_sorted_int,100000,0.0748152600008325,0.0,1062142.0,165536.0,True,OK
Radix Sort,radix_sort_base2_16,partially_sorted_int,1000000,0.7387869155008957,0.0,8262142.0,1065536.0,True,OK
Radix Sort,radix_sort_base2_16,random_uniform_int,100,0.0038361949991667643,0.0,131471.0,65636.0,True,OK
Radix Sort,radix_sort_base2_16,random_uniform_int,1000,0.004979618748620851,0.0,135071.0,66536.0,True,OK
Radix Sort,radix_sort_base2_16,random_uniform_int,10000,0.015562960248644231,0.0,342142.0,75536.0,True,OK
Radix Sort,radix_sort_base2_16,random_uniform_int,100000,0.07806537574833783,0.0,1062142.0,165536.0,True,OK
Radix Sort,radix_sort_base2_16,random_uniform_int,1000000,0.8834817949991702,0.0,8262142.0,1065536.0,True,OK
Radix Sort,radix_sort_base2_16,reverse_sorted_int,100,0.004143525999097619,0.0,131471.0,65636.0,True,OK
Radix Sort,radix_sort_base2_16,reverse_sorted_int,1000,0.005604120748103014,0.0,135071.0,66536.0,True,OK
Radix Sort,radix_sort_base2_16,reverse_sorted_int,10000,0.014679647003504215,0.0,342142.0,75536.0,True,OK
Radix Sort,radix_sort_base2_16,reverse_sorted_int,100000,0.06464893500015023,0.0,1062142.0,165536.0,True,OK
Radix Sort,radix_sort_base2_16,reverse_sorted_int,1000000,0.6550655142473261,0.0,8262142.0,1065536.0,True,OK
Radix Sort,radix_sort_base2_16,sorted_int,100,0.0038576097522309283,0.0,131471.0,65636.0,True,OK
Radix Sort,radix_sort_base2_16,sorted_int,1000,0.005928198750552838,0.0,135071.0,66536.0,True,OK
Radix Sort,radix_sort_base2_16,sorted_int,10000,0.01642186800199852,0.0,342142.0,75536.0,True,OK
Radix Sort,radix_sort_base2_16,sorted_int,100000,0.07779220749944216,0.0,1062142.0,165536.0,True,OK
Radix Sort,radix_sort_base2_16,sorted_int,1000000,0.6726292964995082,0.0,8262142.0,1065536.0,True,OK
Shell Sort,shell_sort_ciura,few_unique_int,100,6.804750046285335e-05,584.0,751.0,0.0,True,OK
Shell Sort,shell_sort_ciura,few_unique_int,1000,0.0011694112490658881,11397.0,14698.0,0.0,True,OK
Shell Sort,shell_sort_ciura,few_unique_int,10000,0.022998782249487704,174795.0,224561.0,0.0,True,OK
Shell Sort,shell_sort_ciura,few_unique_int,100000,0.2662965469990013,2376567.0,3036749.0,0.0,True,OK
Shell Sort,shell_sort_ciura,few_unique_int,1000000,4.784250126749612,30227142.0,38510039.0,0.0,True,OK
Shell Sort,shell_sort_ciura,partially_sorted_int,100,4.2202747863484547e-05,541.0,625.0,0.0,True,OK
Shell Sort,shell_sort_ciura,partially_sorted_int,1000,0.0011295737476757495,11268.0,13767.0,0.0,True,OK
Shell Sort,shell_sort_ciura,partially_sorted_int,10000,0.018974574499225128,166344.0,204276.0,0.0,True,OK
Shell Sort,shell_sort_ciura,partially_sorted_int,100000,0.25732498899924394,2306040.0,2850203.0,0.0,True,OK
Shell Sort,shell_sort_ciura,partially_sorted_int,1000000,3.55372839274969,29501539.0,36551836.0,0.0,True,OK
Shell Sort,shell_sort_ciura,random_ascii_string,100,6.344299799820874e-05,726.0,997.0,0.0,True,OK
Shell Sort,shell_sort_ciura,random_ascii_string,1000,0.0024592077497800346,12933.0,16941.0,0.0,True,OK
Shell Sort,shell_sort_ciura,random_ascii_string,10000,0.02143595725101477,192570.0,248819.0,0.0,True,OK
Shell Sort,shell_sort_ciura,random_ascii_string,100000,0.35273676949873334,2548765.0,3270580.0,0.0,True,OK
Shell Sort,shell_sort_ciura,random_ascii_string,1000000,5.532853888997124,32007946.0,40912239.0,0.0,True,OK
Shell Sort,shell_sort_ciura,random_float,100,5.5270247685257345e-05,752.0,991.0,0.0,True,OK
Shell Sort,shell_sort_ciura,random_float,1000,0.0013695465022465214,13034.0,17034.0,0.0,True,OK
Shell Sort,shell_sort_ciura,random_float,10000,0.014403370501895552,190366.0,245864.0,0.0,True,OK
Shell Sort,shell_sort_ciura,random_float,100000,0.2588908732504933,2560896.0,3284770.0,0.0,True,OK
Shell Sort,shell_sort_ciura,random_float,1000000,4.669691380748191,32012953.0,40915776.0,0.0,True,OK
Shell Sort,shell_sort_ciura,random_uniform_int,100,8.361524669453502e-05,759.0,1036.0,0.0,True,OK
Shell Sort,shell_sort_ciura,random_uniform_int,1000,0.0015743797503091628,12972.0,16958.0,0.0,True,OK
Shell Sort,shell_sort_ciura,random_uniform_int,10000,0.02037098675100424,190744.0,246490.0,0.0,True,OK
Shell Sort,shell_sort_ciura,random_uniform_int,100000,0.28013201225257944,2544477.0,3265121.0,0.0,True,OK
Shell Sort,shell_sort_ciura,random_uniform_int,1000000,4.761558400248759,32035236.0,40939266.0,0.0,True,OK
Shell Sort,shell_sort_ciura,reverse_sorted_int,100,4.941500083077699e-05,576.0,883.0,0.0,True,OK
Shell Sort,shell_sort_ciura,reverse_sorted_int,1000,0.000888100001247949,9328.0,12507.0,0.0,True,OK
Shell Sort,shell_sort_ciura,reverse_sorted_int,10000,0.011532671000168193,134271.0,179419.0,0.0,True,OK
Shell Sort,shell_sort_ciura,reverse_sorted_int,100000,0.16345533875210094,1675652.0,2205852.0,0.0,True,OK
Shell Sort,shell_sort_ciura,reverse_sorted_int,1000000,1.8555556389983394,21099278.0,28152779.0,0.0,True,OK
Shell Sort,shell_sort_ciura,sorted_int,100,2.674000097613316e-05,405.0,405.0,0.0,True,OK
Shell Sort,shell_sort_ciura,sorted_int,1000,0.0005658165009663207,6771.0,6771.0,0.0,True,OK
Shell Sort,shell_sort_ciura,sorted_int,10000,0.007987942750332877,94226.0,94226.0,0.0,True,OK
Shell Sort,shell_sort_ciura,sorted_int,100000,0.10372852875116223,1219454.0,1219454.0,0.0,True,OK
Shell Sort,shell_sort_ciura,sorted_int,1000000,1.214057037999737,15080775.0,15080775.0,0.0,True,OK
Shell Sort,shell_sort_knuth,few_unique_int,100,9.183524889522232e-05,530.0,682.0,0.0,True,OK
Shell Sort,shell_sort_knuth,few_unique_int,1000,0.0011946112481382443,11403.0,14635.0,0.0,True,OK
Shell Sort,shell_sort_knuth,few_unique_int,10000,0.021675956000763108,210774.0,260510.0,0.0,True,OK
Shell Sort,shell_sort_knuth,partially_sorted_int,100,4.33824970968999e-05,495.0,576.0,0.0,True,OK
Shell Sort,shell_sort_knuth,partially_sorted_int,1000,0.0010885787505685585,11192.0,13602.0,0.0,True,OK
Shell Sort,shell_sort_knuth,partially_sorted_int,10000,0.017872411250209552,175204.0,211862.0,0.0,True,OK
Shell Sort,shell_sort_knuth,random_ascii_string,100,7.307274972845335e-05,707.0,961.0,0.0,True,OK
Shell Sort,shell_sort_knuth,random_ascii_string,1000,0.0014391820004675537,13729.0,17559.0,0.0,True,OK
Shell Sort,shell_sort_knuth,random_ascii_string,10000,0.02501144850248238,229482.0,283482.0,0.0,True,OK
Shell Sort,shell_sort_knuth,random_float,100,7.056774848024361e-05,688.0,900.0,0.0,True,OK
Shell Sort,shell_sort_knuth,random_float,1000,0.0013771842532150913,13734.0,17566.0,0.0,True,OK
Shell Sort,shell_sort_knuth,random_float,10000,0.02317330025107367,233379.0,287148.0,0.0,True,OK
Shell Sort,shell_sort_knuth,random_uniform_int,100,5.922774835198652e-05,703.0,939.0,0.0,True,OK
Shell Sort,shell_sort_knuth,random_uniform_int,1000,0.001372474249365041,13743.0,17624.0,0.0,True,OK
Shell Sort,shell_sort_knuth,random_uniform_int,10000,0.02474592550061061,232839.0,287204.0,0.0,True,OK
Shell Sort,shell_sort_knuth,reverse_sorted_int,100,0.00024341049902432133,498.0,758.0,0.0,True,OK
Shell Sort,shell_sort_knuth,reverse_sorted_int,1000,0.0008817679990897886,8526.0,12273.0,0.0,True,OK
Shell Sort,shell_sort_knuth,reverse_sorted_int,10000,0.012748925002597389,119916.0,168474.0,0.0,True,OK
Shell Sort,shell_sort_knuth,sorted_int,100,2.1342499167076312e-05,342.0,342.0,0.0,True,OK
Shell Sort,shell_sort_knuth,sorted_int,1000,0.00044261149741942063,5457.0,5457.0,0.0,True,OK
Shell Sort,shell_sort_knuth,sorted_int,10000,0.006600500752028893,75243.0,75243.0,0.0,True,OK
Shell Sort,shell_sort_original,few_unique_int,100,5.596524897555355e-05,697.0,894.0,0.0,True,OK
Shell Sort,shell_sort_original,few_unique_int,1000,0.001393801998347044,13490.0,17197.0,0.0,True,OK
Shell Sort,shell_sort_original,few_unique_int,10000,0.016168283751540002,247079.0,302725.0,0.0,True,OK
Shell Sort,shell_sort_original,few_unique_int,100000,0.39711718449689215,4085592.0,4878007.0,0.0,True,OK
Shell Sort,shell_sort_original,few_unique_int,1000000,8.08494875074939,66280378.0,75592720.0,0.0,True,OK
Shell Sort,shell_sort_original,partially_sorted_int,100,5.453524863696657e-05,633.0,728.0,0.0,True,OK
Shell Sort,shell_sort_original,partially_sorted_int,1000,0.001182573501864681,12230.0,14950.0,0.0,True,OK
Shell Sort,shell_sort_original,partially_sorted_int,10000,0.02424592149873206,220536.0,265428.0,0.0,True,OK
Shell Sort,shell_sort_original,partially_sorted_int,100000,0.34370806900005846,3299793.0,3917710.0,0.0,True,OK
Shell Sort,shell_sort_original,partially_sorted_int,1000000,5.3871981192514795,49972192.0,57954900.0,0.0,True,OK
Shell Sort,shell_sort_original,random_ascii_string,100,8.183775207726285e-05,880.0,1172.0,0.0,True,OK
Shell Sort,shell_sort_original,random_ascii_string,1000,0.0016692024983058218,15971.0,20478.0,0.0,True,OK
Shell Sort,shell_sort_original,random_ascii_string,10000,0.02959382600056415,269497.0,332776.0,0.0,True,OK
Shell Sort,shell_sort_original,random_ascii_string,100000,0.4754765347515786,4270061.0,5091083.0,0.0,True,OK
Shell Sort,shell_sort_original,random_ascii_string,1000000,8.904310724501556,69700808.0,79646004.0,0.0,True,OK
Shell Sort,shell_sort_original,random_float,100,7.70977494539693e-05,913.0,1187.0,0.0,True,OK
Shell Sort,shell_sort_original,random_float,1000,0.0019129632510157535,14767.0,19233.0,0.0,True,OK
Shell Sort,shell_sort_original,random_float,10000,0.025987267001255532,265157.0,328693.0,0.0,True,OK
Shell Sort,shell_sort_original,random_float,100000,0.42366533425047237,4401528.0,5225663.0,0.0,True,OK
Shell Sort,shell_sort_original,random_float,1000000,8.248090447501454,65477522.0,75418893.0,0.0,True,OK
Shell Sort,shell_sort_original,random_uniform_int,100,7.694274972891435e-05,886.0,1166.0,0.0,True,OK
Shell Sort,shell_sort_original,random_uniform_int,1000,0.0018218182485725265,15039.0,19571.0,0.0,True,OK
Shell Sort,shell_sort_original,random_uniform_int,10000,0.026831317500182195,255230.0,317763.0,0.0,True,OK
Shell Sort,shell_sort_original,random_uniform_int,100000,0.42129339074563177,4324576.0,5147534.0,0.0,True,OK
Shell Sort,shell_sort_original,random_uniform_int,1000000,8.106843095998556,65609989.0,75530251.0,0.0,True,OK
Shell Sort,shell_sort_original,reverse_sorted_int,100,6.17575005890103e-05,665.0,1013.0,0.0,True,OK
Shell Sort,shell_sort_original,reverse_sorted_int,1000,0.001463179251004476,11689.0,17037.0,0.0,True,OK
Shell Sort,shell_sort_original,reverse_sorted_int,10000,0.013650435752424528,172390.0,244221.0,0.0,True,OK
Shell Sort,shell_sort_original,reverse_sorted_int,100000,0.19955956074954884,2241282.0,3150853.0,0.0,True,OK
Shell Sort,shell_sort_original,reverse_sorted_int,1000000,2.395775579250767,26344994.0,36542430.0,0.0,True,OK
Shell Sort,shell_sort_original,sorted_int,100,3.777774873015005e-05,503.0,503.0,0.0,True,OK
Shell Sort,shell_sort_original,sorted_int,1000,0.000636369499261491,8006.0,8006.0,0.0,True,OK
Shell Sort,shell_sort_original,sorted_int,10000,0.010816836498634075,120005.0,120005.0,0.0,True,OK
Shell Sort,shell_sort_original,sorted_int,100000,0.12904923325004347,1500006.0,1500006.0,0.0,True,OK
Shell Sort,shell_sort_original,sorted_int,1000000,1.5277638619973004,18000007.0,18000007.0,0.0,True,OK
Shell Sort,shell_sort_tokuda,few_unique_int,100,7.829274909454398e-05,975.0,1118.0,0.0,True,OK
Shell Sort,shell_sort_tokuda,few_unique_int,1000,0.0015014297496236395,15113.0,17974.0,0.0,True,OK
Shell Sort,shell_sort_tokuda,few_unique_int,10000,0.01413120925099065,210529.0,253820.0,0.0,True,OK
Shell Sort,shell_sort_tokuda,few_unique_int,100000,0.31484863075093017,2768212.0,3367890.0,0.0,True,OK
Shell Sort,shell_sort_tokuda,few_unique_int,1000000,5.037819655251951,34387550.0,42003470.0,0.0,True,OK
Shell Sort,shell_sort_tokuda,partially_sorted_int,100,2.9667500712093897e-05,411.0,485.0,0.0,True,OK
Shell Sort,shell_sort_tokuda,partially_sorted_int,1000,0.0009599405020708218,10220.0,12677.0,0.0,True,OK
Shell Sort,shell_sort_tokuda,partially_sorted_int,10000,0.01588627724959224,158185.0,196526.0,0.0,True,OK
Shell Sort,shell_sort_tokuda,partially_sorted_int,100000,0.23709290775150293,2277844.0,2835149.0,0.0,True,OK
Shell Sort,shell_sort_tokuda,partially_sorted_int,1000000,3.466945647252942,29094160.0,36345659.0,0.0,True,OK
Shell Sort,shell_sort_tokuda,random_ascii_string,100,0.00010496299910300877,1295.0,1492.0,0.0,True,OK
Shell Sort,shell_sort_tokuda,random_ascii_string,1000,0.001900128751003649,16907.0,20440.0,0.0,True,OK
Shell Sort,shell_sort_tokuda,random_ascii_string,10000,0.02453299650187546,225816.0,277174.0,0.0,True,OK
Shell Sort,shell_sort_tokuda,random_ascii_string,100000,0.3482267587460228,2958886.0,3640830.0,0.0,True,OK
Shell Sort,shell_sort_tokuda,random_ascii_string,1000000,5.629596837999998,35951252.0,44463231.0,0.0,True,OK
Shell Sort,shell_sort_tokuda,random_float,100,7.823774831194896e-05,990.0,1181.0,0.0,True,OK
Shell Sort,shell_sort_tokuda,random_float,1000,0.0020405614995979704,16836.0,20380.0,0.0,True,OK
Shell Sort,shell_sort_tokuda,random_float,10000,0.023477918501157546,225074.0,276118.0,0.0,True,OK
Shell Sort,shell_sort_tokuda,random_float,100000,0.31257759625077597,2979247.0,3664810.0,0.0,True,OK
Shell Sort,shell_sort_tokuda,random_float,1000000,5.171118316502543,35904321.0,44413186.0,0.0,True,OK
Shell Sort,shell_sort_tokuda,random_uniform_int,100,7.247275243571494e-05,999.0,1176.0,0.0,True,OK
Shell Sort,shell_sort_tokuda,random_uniform_int,1000,0.0016990252497635083,16772.0,20328.0,0.0,True,OK
Shell Sort,shell_sort_tokuda,random_uniform_int,10000,0.022122039248642977,225768.0,277140.0,0.0,True,OK
Shell Sort,shell_sort_tokuda,random_uniform_int,100000,0.31712528975003806,2954551.0,3635631.0,0.0,True,OK
Shell Sort,shell_sort_tokuda,random_uniform_int,1000000,5.064456509999218,35911616.0,44402709.0,0.0,True,OK
Shell Sort,shell_sort_tokuda,reverse_sorted_int,100,8.350275311386213e-05,1025.0,1260.0,0.0,True,OK
Shell Sort,shell_sort_tokuda,reverse_sorted_int,1000,0.0015636450007150415,15677.0,18875.0,0.0,True,OK
Shell Sort,shell_sort_tokuda,reverse_sorted_int,10000,0.020590987500327174,204657.0,254664.0,0.0,True,OK
Shell Sort,shell_sort_tokuda,reverse_sorted_int,100000,0.23560716075007804,2414828.0,2978944.0,0.0,True,OK
Shell Sort,shell_sort_tokuda,reverse_sorted_int,1000000,2.7419756449999113,27819241.0,34057942.0,0.0,True,OK
Shell Sort,shell_sort_tokuda,sorted_int,100,1.7159998606075533e-05,290.0,290.0,0.0,True,OK
Shell Sort,shell_sort_tokuda,sorted_int,1000,0.00046113650023471564,5908.0,5908.0,0.0,True,OK
Shell Sort,shell_sort_tokuda,sorted_int,10000,0.008105523000267567,89095.0,89095.0,0.0,True,OK
Shell Sort,shell_sort_tokuda,sorted_int,100000,0.10024198649807659,1190968.0,1190968.0,0.0,True,OK
Shell Sort,shell_sort_tokuda,sorted_int,1000000,1.2690933512494667,14909727.0,14909727.0,0.0,True,OK
